{"schemaVersion":"1.0","appDefinitionTemplate":{"id":"/providers/Microsoft.PowerApps/apps/","type":"Microsoft.PowerApps/apps","tags":{"primaryDeviceWidth":"640","primaryDeviceHeight":"1136","sienaVersion":"20200617T200220Z-3.20054.18.0","deviceCapabilities":"","supportsPortrait":"true","supportsLandscape":"false","primaryFormFactor":"Phone","publisherVersion":"3.20054.18","minimumRequiredApiVersion":"2.2.0","hasComponent":"true","hasUnlockedComponent":"true","isUnifiedRootApp":"false"},"properties":{"appVersion":"2020-06-17T20:02:20Z","lifeCycleId":"Published","createdByClientVersion":{"major":3,"minor":20054,"build":18,"revision":0,"majorRevision":0,"minorRevision":0},"minClientVersion":{"major":3,"minor":20054,"build":18,"revision":0,"majorRevision":0,"minorRevision":0},"backgroundColor":"rgba(208, 52, 56, 1)","backgroundImageUri":"/1236566176489477325/N2e38f1cc-9a53-433c-8dfa-fe616fcee0e0-logoSmallFile","displayName":"Safe Workplace","description":"","commitMessage":"","appUris":{"documentUri":{"value":"/1236566176489477325/N4bbf4126-d063-4b3c-a0b9-0628f1231d91-document.msapp","readonlyValue":"/1236566176489477325/N4bbf4126-d063-4b3c-a0b9-0628f1231d91-document.msapp"},"imageUris":[]},"createdTime":"0001-01-01T00:00:00Z","lastModifiedTime":"0001-01-01T00:00:00Z","sharedGroupsCount":0,"sharedUsersCount":0,"icons":{"smallIconUri":"/1236566176489477325/N32523ddc-28bc-4013-9348-d3f6a41a4cb1-small.png","mediumIconUri":"/1236566176489477325/N2fdec509-7b28-4c7d-89f7-81dff347d610-medium.png","largeIconUri":"/1236566176489477325/N233ac169-37db-4879-b639-2be41f7829d1-large.png","wideIconUri":"/1236566176489477325/Nfa9bbea9-41d4-4886-83dc-e3ac454cafc8-wide.png"},"connectionReferences":{"0c7ed048-6162-496d-a7a4-bc7709fba1ee":{"id":"db6621f4-c9fd-405a-b286-5a85887afeac","displayName":"Logic flows","iconUri":"https://resourcestackdeploy.blob.core.windows.net/scripts/13276078.png","dataSources":["PowerApps:CreateNewTracerContactOnLogin"],"dependencies":["9d05e3eb-6553-436a-ac34-17f894edc982"],"dependents":[],"parameterHints":{"workflowName":{"value":"cad8f3eb-6e75-460a-a00e-824eed73cb91"},"9d05e3eb-6553-436a-ac34-17f894edc982":{"value":"shared_commondataservice"}},"isOnPremiseConnection":false,"bypassConsent":false,"dataSets":{},"apiTier":"Standard","isCustomApiConnection":false},"9d05e3eb-6553-436a-ac34-17f894edc982":{"id":"4cd26fd6-80bc-44f6-ba72-22e942207ca1","displayName":"Common Data Service","iconUri":"https://connectoricons-prod.azureedge.net/commondataservice/icon_1.0.1354.2019.png","dataSources":[],"dependencies":[],"dependents":["0c7ed048-6162-496d-a7a4-bc7709fba1ee","d7ebbcb7-466d-4a8f-af5b-58af2141d68e","69312899-5257-46af-b7c2-aaeed3e19f15","4c7a032e-aba1-40cd-893e-594334df7c76","7380e60e-4780-4340-a770-3a4ef4efdc3b"],"parameterHints":{},"isOnPremiseConnection":false,"bypassConsent":false,"dataSets":{},"apiTier":"Premium","isCustomApiConnection":false},"d7ebbcb7-466d-4a8f-af5b-58af2141d68e":{"id":"db6621f4-c9fd-405a-b286-5a85887afeac","displayName":"Logic flows","iconUri":"https://resourcestackdeploy.blob.core.windows.net/scripts/13276078.png","dataSources":["PowerApps:CreateNewHealthDetail"],"dependencies":["9d05e3eb-6553-436a-ac34-17f894edc982"],"dependents":[],"parameterHints":{"workflowName":{"value":"6f3024d7-ce82-47c5-b8db-e9cc3cc71e22"},"9d05e3eb-6553-436a-ac34-17f894edc982":{"value":"shared_commondataservice"}},"isOnPremiseConnection":false,"bypassConsent":false,"dataSets":{},"apiTier":"Standard","isCustomApiConnection":false},"69312899-5257-46af-b7c2-aaeed3e19f15":{"id":"db6621f4-c9fd-405a-b286-5a85887afeac","displayName":"Logic flows","iconUri":"https://resourcestackdeploy.blob.core.windows.net/scripts/13276078.png","dataSources":["PowerApps:CreateNewHealthQuestionaire"],"dependencies":["9d05e3eb-6553-436a-ac34-17f894edc982"],"dependents":[],"parameterHints":{"workflowName":{"value":"eb17ad59-66e2-4ec6-9a5f-ee73fb08b438"},"9d05e3eb-6553-436a-ac34-17f894edc982":{"value":"shared_commondataservice"}},"isOnPremiseConnection":false,"bypassConsent":false,"dataSets":{},"apiTier":"Standard","isCustomApiConnection":false},"4c7a032e-aba1-40cd-893e-594334df7c76":{"id":"db6621f4-c9fd-405a-b286-5a85887afeac","displayName":"Logic flows","iconUri":"https://resourcestackdeploy.blob.core.windows.net/scripts/13276078.png","dataSources":["PowerApps:CreatePresence-CheckIn"],"dependencies":["9d05e3eb-6553-436a-ac34-17f894edc982"],"dependents":[],"parameterHints":{"workflowName":{"value":"d30caafe-b63b-4aaa-a6d8-5b6cb189c449"},"9d05e3eb-6553-436a-ac34-17f894edc982":{"value":"shared_commondataservice_1"}},"isOnPremiseConnection":false,"bypassConsent":false,"dataSets":{},"apiTier":"Standard","isCustomApiConnection":false},"7380e60e-4780-4340-a770-3a4ef4efdc3b":{"id":"db6621f4-c9fd-405a-b286-5a85887afeac","displayName":"Logic flows","iconUri":"https://resourcestackdeploy.blob.core.windows.net/scripts/13276078.png","dataSources":["PowerApss:UpdatePresence-CheckOut"],"dependencies":["9d05e3eb-6553-436a-ac34-17f894edc982"],"dependents":[],"parameterHints":{"workflowName":{"value":"6114a41a-ef11-4e05-ad3b-421b6e09c426"},"9d05e3eb-6553-436a-ac34-17f894edc982":{"value":"shared_commondataservice"}},"isOnPremiseConnection":false,"bypassConsent":false,"dataSets":{},"apiTier":"Standard","isCustomApiConnection":false}},"databaseReferences":{"default.cds":{"databaseDetails":{"referenceType":"Environmental","environmentName":"default.cds"},"dataSources":{"Tracer Contacts":{"entitySetName":"aka_tracercontacts","logicalName":"aka_tracercontact"},"Users":{"entitySetName":"systemusers","logicalName":"systemuser"},"Contacts":{"entitySetName":"contacts","logicalName":"contact"},"Locations":{"entitySetName":"aka_locations","logicalName":"aka_location"},"Zones":{"entitySetName":"aka_zones","logicalName":"aka_zone"},"Presence":{"entitySetName":"aka_presences","logicalName":"aka_presence"},"Health Questionnaires":{"entitySetName":"aka_healthquestionnaires","logicalName":"aka_healthquestionnaire"}}}},"almMode":"Solution","performanceOptimizationEnabled":true,"canConsumeAppPass":true},"isAppComponentLibrary":false,"appType":"ClassicCanvasApp","appComponents":[]}}