{"name":"d362c722-b996-411c-81b7-491583896ef1","id":"/providers/Microsoft.Flow/flows/d362c722-b996-411c-81b7-491583896ef1","type":"Microsoft.Flow/flows","properties":{"apiId":"/providers/Microsoft.PowerApps/apis/shared_logicflows","displayName":"PowerApss: Update Presence - CheckOut","definition":{"metadata":{"workflowEntityId":"e1bae142-30ab-ea11-a812-000d3a33a5cc","creator":{"id":"80360b96-6106-4600-bdf9-11e3709a0134","type":"User","tenantId":"3bd27ef8-8d38-4656-86d2-5f0d90a73981"},"provisioningMethod":"FromDefinition","failureAlertSubscription":true,"clientLastModifiedTime":"2020-06-11T18:32:21.71745Z"},"$schema":"https://schema.management.azure.com/providers/Microsoft.Logic/schemas/2016-06-01/workflowdefinition.json#","contentVersion":"1.0.0.0","parameters":{"$connections":{"defaultValue":{},"type":"Object"},"$authentication":{"defaultValue":{},"type":"SecureObject"}},"triggers":{"manual":{"type":"Request","kind":"PowerApp","inputs":{"schema":{"type":"object","properties":{"Updatearecord_ItemID":{"type":"string"},"Presence_ExitDate":{"type":"string"}},"required":["Updatearecord_ItemID","Presence_ExitDate"]}}}},"actions":{"Update_Most_Recent_Presence_Record":{"runAfter":{},"type":"OpenApiConnection","inputs":{"host":{"apiId":"/providers/Microsoft.PowerApps/apis/shared_commondataservice","connectionName":"shared_commondataservice","operationId":"PatchItem_V2"},"parameters":{"dataset":"default.cds","table":"aka_presences","id":"@triggerBody()['Updatearecord_ItemID']","item/aka_exitdate":"@triggerBody()['Presence_ExitDate']","item/_ownerid_type":""},"authentication":{"value":"@json(decodeBase64(triggerOutputs().headers['X-MS-APIM-Tokens']))['$ConnectionKey']","type":"Raw"}}},"Respond_to_a_PowerApp_or_flow":{"runAfter":{"Update_Most_Recent_Presence_Record":["Succeeded"]},"type":"Response","kind":"PowerApp","inputs":{"statusCode":200,"body":{"output":"success"},"schema":{"type":"object","properties":{"output":{"title":"output","x-ms-dynamically-added":true,"type":"string"}}}}}},"outputs":{}},"connectionReferences":{"shared_commondataservice":{"connectionName":"shared-commondataser-4fb015f8-9ec0-42e5-b5ec-d183ab36ed30","source":"Invoker","id":"/providers/Microsoft.PowerApps/apis/shared_commondataservice","tier":"NotSpecified"}},"flowFailureAlertSubscribed":false}}