{"properties":{"connectionReferences":{"shared_commondataserviceforapps":{"runtimeSource":"embedded","connection":{},"api":{"name":"shared_commondataserviceforapps"}},"shared_office365":{"runtimeSource":"embedded","connection":{},"api":{"name":"shared_office365"}},"shared_commondataserviceforapps_1":{"runtimeSource":"embedded","connection":{},"api":{"name":"shared_commondataserviceforapps"}}},"definition":{"$schema":"https://schema.management.azure.com/providers/Microsoft.Logic/schemas/2016-06-01/workflowdefinition.json#","contentVersion":"1.0.0.0","parameters":{"$connections":{"defaultValue":{},"type":"Object"},"$authentication":{"defaultValue":{},"type":"SecureObject"}},"triggers":{"When_a_record_is_created,_updated_or_deleted":{"type":"OpenApiConnectionWebhook","inputs":{"host":{"connectionName":"shared_commondataserviceforapps","operationId":"SubscribeWebhookTrigger","apiId":"/providers/Microsoft.PowerApps/apis/shared_commondataserviceforapps"},"parameters":{"subscriptionRequest/message":4,"subscriptionRequest/entityname":"aka_presence","subscriptionRequest/scope":4,"subscriptionRequest/filteringattributes":"aka_entrydate,aka_exitdate","subscriptionRequest/filterexpression":"aka_exitdate eq null"},"authentication":"@parameters('$authentication')"}}},"actions":{"If_Exit_Date_is_Null":{"actions":{"Get_Tracer_Contact_Details":{"runAfter":{},"type":"OpenApiConnection","inputs":{"host":{"connectionName":"shared_commondataserviceforapps","operationId":"GetItem","apiId":"/providers/Microsoft.PowerApps/apis/shared_commondataserviceforapps"},"parameters":{"entityName":"aka_tracercontacts","recordId":"@outputs('Get_latest_Presence_record_before_notification')?['body/_aka_tracercontact_value']","$select":"aka_name,aka_email"},"authentication":"@parameters('$authentication')"}},"Get_Zone_Details":{"runAfter":{"Get_Tracer_Contact_Details":["Succeeded"]},"type":"OpenApiConnection","inputs":{"host":{"connectionName":"shared_commondataserviceforapps","operationId":"GetItem","apiId":"/providers/Microsoft.PowerApps/apis/shared_commondataserviceforapps"},"parameters":{"entityName":"aka_zones","recordId":"@outputs('Get_latest_Presence_record_before_notification')?['body/_aka_zone_value']","$select":"aka_name"},"authentication":"@parameters('$authentication')"}},"Send_an_email_(V2)_2":{"runAfter":{"Get_Zone_Details":["Succeeded"]},"type":"OpenApiConnection","inputs":{"host":{"connectionName":"shared_office365","operationId":"SendEmailV2","apiId":"/providers/Microsoft.PowerApps/apis/shared_office365"},"parameters":{"emailMessage/To":"@outputs('Get_Tracer_Contact_Details')?['body/aka_email']","emailMessage/Subject":"Zone Checkout Reminder","emailMessage/Body":"<p>Hi @{outputs('Get_Tracer_Contact_Details')?['body/aka_name']},<br>\n<br>\nYou have been checked-in at zone : @{outputs('Get_Zone_Details')?['body/aka_name']}. Please checkout otherwise you will be automatically checked-out in 30 minutes. If you need to extend your presence in this zone please checkout and check-in again.<br>\n<br>\nThanks<br>\nAutomated CRM Notification<br>\n<br>\n</p>"},"authentication":"@parameters('$authentication')"}}},"runAfter":{"Get_latest_Presence_record_before_notification":["Succeeded"]},"else":{"actions":{"Terminate_before_Notification":{"runAfter":{},"type":"Terminate","inputs":{"runStatus":"Succeeded"}}}},"expression":{"equals":["@outputs('Get_latest_Presence_record_before_notification')?['body/aka_exitdate']","@null"]},"type":"If"},"Delay_until_4.5_Hours":{"runAfter":{},"type":"Wait","inputs":{"until":{"timestamp":"@{addMinutes(triggerOutputs()?['body/aka_entrydate'],270)}"}}},"Delay_until_Additional_30_Minutes":{"runAfter":{"If_Exit_Date_is_Null":["Succeeded"]},"type":"Wait","inputs":{"until":{"timestamp":"@{addHours(triggerOutputs()?['body/aka_entrydate'],5)}"}}},"If_Exit_Date_is_Still_Null":{"actions":{"Update_a_record":{"runAfter":{},"type":"OpenApiConnection","inputs":{"host":{"connectionName":"shared_commondataserviceforapps","operationId":"UpdateRecord","apiId":"/providers/Microsoft.PowerApps/apis/shared_commondataserviceforapps"},"parameters":{"entityName":"aka_presences","recordId":"@triggerOutputs()?['body/aka_presenceid']","item/aka_exitdate":"@addHours(outputs('Get_latest_Presence_record_after_notification')?['body/aka_entrydate'],5)"},"authentication":"@parameters('$authentication')"}}},"runAfter":{"Get_latest_Presence_record_after_notification":["Succeeded"]},"else":{"actions":{"Terminate_after_Notification":{"runAfter":{},"type":"Terminate","inputs":{"runStatus":"Succeeded"}}}},"expression":{"equals":["@outputs('Get_latest_Presence_record_after_notification')?['body/aka_exitdate']","@null"]},"type":"If"},"Get_latest_Presence_record_before_notification":{"runAfter":{"Delay_until_4.5_Hours":["Succeeded"]},"type":"OpenApiConnection","inputs":{"host":{"connectionName":"shared_commondataserviceforapps_1","operationId":"GetItem","apiId":"/providers/Microsoft.PowerApps/apis/shared_commondataserviceforapps"},"parameters":{"entityName":"aka_presences","recordId":"@triggerOutputs()?['body/aka_presenceid']"},"authentication":"@parameters('$authentication')"}},"Get_latest_Presence_record_after_notification":{"runAfter":{"Delay_until_Additional_30_Minutes":["Succeeded"]},"type":"OpenApiConnection","inputs":{"host":{"connectionName":"shared_commondataserviceforapps","operationId":"GetItem","apiId":"/providers/Microsoft.PowerApps/apis/shared_commondataserviceforapps"},"parameters":{"entityName":"aka_presences","recordId":"@triggerOutputs()?['body/aka_presenceid']","$select":"aka_entrydate, aka_exitdate"},"authentication":"@parameters('$authentication')"}}},"outputs":{}}},"schemaVersion":"1.0.0.0"}