{"properties":{"connectionReferences":{"shared_commondataserviceforapps":{"runtimeSource":"embedded","connection":{},"api":{"name":"shared_commondataserviceforapps"}},"shared_office365":{"runtimeSource":"embedded","connection":{},"api":{"name":"shared_office365"}}},"definition":{"$schema":"https://schema.management.azure.com/providers/Microsoft.Logic/schemas/2016-06-01/workflowdefinition.json#","contentVersion":"1.0.0.0","parameters":{"$connections":{"defaultValue":{},"type":"Object"},"$authentication":{"defaultValue":{},"type":"SecureObject"}},"triggers":{"When_a_Health_Detail_record_is_created,_updated":{"type":"OpenApiConnectionWebhook","inputs":{"host":{"connectionName":"shared_commondataserviceforapps","operationId":"SubscribeWebhookTrigger","apiId":"/providers/Microsoft.PowerApps/apis/shared_commondataserviceforapps"},"parameters":{"subscriptionRequest/message":4,"subscriptionRequest/entityname":"aka_illnessdetail","subscriptionRequest/scope":4,"subscriptionRequest/filteringattributes":"aka_tracercontact,aka_firstsymptomsdate,aka_testdate,aka_teststatus"},"authentication":"@parameters('$authentication')"}}},"actions":{"FetchXML_to_get_Primary_Email_from_Users_who_have_Super_User_role":{"runAfter":{},"type":"OpenApiConnection","inputs":{"host":{"connectionName":"shared_commondataserviceforapps","operationId":"ListRecords","apiId":"/providers/Microsoft.PowerApps/apis/shared_commondataserviceforapps"},"parameters":{"entityName":"systemusers","$select":"internalemailaddress","fetchXml":"<fetch>\n  <entity name=\"systemuser\" >\n    <attribute name=\"internalemailaddress\" />\n    <link-entity name=\"systemuserroles\" from=\"systemuserid\" to=\"systemuserid\" link-type=\"outer\" >\n      <link-entity name=\"role\" from=\"roleid\" to=\"roleid\" >\n        <filter type=\"and\" >\n          <condition attribute=\"name\" operator=\"eq\" value=\"Safe Workplace - Super User\" />\n        </filter>\n      </link-entity>\n    </link-entity>\n  </entity>\n</fetch>"},"authentication":"@parameters('$authentication')"}},"Send_Email_to_Users_with_URL":{"foreach":"@outputs('FetchXML_to_get_Primary_Email_from_Users_who_have_Super_User_role')?['body/value']","actions":{"Send_an_email_(V2)":{"runAfter":{},"type":"OpenApiConnection","inputs":{"host":{"connectionName":"shared_office365","operationId":"SendEmailV2","apiId":"/providers/Microsoft.PowerApps/apis/shared_office365"},"parameters":{"emailMessage/To":"@items('Send_Email_to_Users_with_URL')?['internalemailaddress']","emailMessage/Subject":"Health Status Update","emailMessage/Body":"<p>Hi,<br>\n<br>\nThe following Health Status Update record has been submitted:<br>\n@{concat('https://akacovidtracingdev.crm.dynamics.com/main.aspx?appid=faf838b5-f2a1-ea11-a812-000d3a5c2ece&pagetype=entityrecord&etn=aka_illnessdetail&id=', triggerOutputs()?['body/aka_illnessdetailid'])}<br>\n<br>\nThe contact reporting the Health status change is referenced below:<br>\n@{concat('https://akacovidtracingdev.crm.dynamics.com/main.aspx?appid=faf838b5-f2a1-ea11-a812-000d3a5c2ece&pagetype=entityrecord&etn=aka_tracercontact&id=',triggerOutputs()?['body/_aka_tracercontact_value'])}<br>\n<br>\nThanks<br>\nAutomated CRM Notification</p>"},"authentication":"@parameters('$authentication')"}}},"runAfter":{"FetchXML_to_get_Primary_Email_from_Users_who_have_Super_User_role":["Succeeded"]},"type":"Foreach"}},"outputs":{}}},"schemaVersion":"1.0.0.0"}