{"properties":{"connectionReferences":{"shared_commondataserviceforapps":{"runtimeSource":"embedded","connection":{},"api":{"name":"shared_commondataserviceforapps"}}},"definition":{"$schema":"https://schema.management.azure.com/providers/Microsoft.Logic/schemas/2016-06-01/workflowdefinition.json#","contentVersion":"1.0.0.0","parameters":{"$connections":{"defaultValue":{},"type":"Object"},"$authentication":{"defaultValue":{},"type":"SecureObject"}},"triggers":{"When_a_Presence_record_is_created":{"type":"OpenApiConnectionWebhook","inputs":{"host":{"connectionName":"shared_commondataserviceforapps","operationId":"SubscribeWebhookTrigger","apiId":"/providers/Microsoft.PowerApps/apis/shared_commondataserviceforapps"},"parameters":{"subscriptionRequest/message":1,"subscriptionRequest/entityname":"aka_presence","subscriptionRequest/scope":4},"authentication":"@parameters('$authentication')"}}},"actions":{"FetchXML_to_get_Location_based_on_Zone_selected_in_Presence_record":{"runAfter":{},"type":"OpenApiConnection","inputs":{"host":{"connectionName":"shared_commondataserviceforapps","operationId":"ListRecords","apiId":"/providers/Microsoft.PowerApps/apis/shared_commondataserviceforapps"},"parameters":{"entityName":"aka_locations","fetchXml":"<fetch version=\"1.0\" output-format=\"xml-platform\" mapping=\"logical\" distinct=\"true\">\n  <entity name=\"aka_location\">\n    <attribute name=\"aka_locationid\" />  \n    <attribute name=\"aka_name\" />\n    <filter type=\"and\">\n      <condition attribute=\"statecode\" operator=\"eq\" value=\"0\" />\n    </filter>\n    <link-entity name=\"aka_zone\" from=\"aka_location\" to=\"aka_locationid\" link-type=\"inner\" alias=\"ac\">\n      <filter type=\"and\">\n        <condition attribute=\"aka_zoneid\" operator=\"eq\" value=\"@{triggerOutputs()?['body/_aka_zone_value']}\" />\n      </filter>\n      <link-entity name=\"aka_presence\" from=\"aka_zone\" to=\"aka_zoneid\" link-type=\"inner\" alias=\"ad\">\n        <filter type=\"and\">\n          <condition attribute=\"aka_presenceid\" operator=\"eq\" value=\"@{triggerOutputs()?['body/aka_presenceid']}\" />\n        </filter>\n      </link-entity>\n    </link-entity>\n </entity>\n</fetch>\n"},"authentication":"@parameters('$authentication')"}},"Update_Location_to_Preferred_Location_field_in_Tracer_Contact_record":{"foreach":"@outputs('FetchXML_to_get_Location_based_on_Zone_selected_in_Presence_record')?['body/value']","actions":{"Update_a_record":{"runAfter":{},"type":"OpenApiConnection","inputs":{"host":{"connectionName":"shared_commondataserviceforapps","operationId":"UpdateRecord","apiId":"/providers/Microsoft.PowerApps/apis/shared_commondataserviceforapps"},"parameters":{"entityName":"aka_tracercontacts","recordId":"@triggerOutputs()?['body/_aka_tracercontact_value']","item/aka_PreferredLocation@odata.bind":"aka_locations(@{items('Update_Location_to_Preferred_Location_field_in_Tracer_Contact_record')?['aka_locationid']})"},"authentication":"@parameters('$authentication')"}}},"runAfter":{"FetchXML_to_get_Location_based_on_Zone_selected_in_Presence_record":["Succeeded"]},"type":"Foreach"}},"outputs":{}}},"schemaVersion":"1.0.0.0"}