<ImportExportXml version="9.1.0.18046" SolutionPackageVersion="9.1" languagecode="1033" generatedBy="CrmLive" xmlns:xsi="http://www.w3.org/2001/XMLSchema-instance">
  <SolutionManifest>
    <UniqueName>ContactTracing</UniqueName>
    <LocalizedNames>
      <LocalizedName description="Safe Workplace - Core" languagecode="1033" />
    </LocalizedNames>
    <Descriptions />
    <Version>2020.6.18.6</Version>
    <Managed>1</Managed>
    <Publisher>
      <UniqueName>akaenterprisesolutions</UniqueName>
      <LocalizedNames>
        <LocalizedName description="AKA Enterprise Solutions" languagecode="1033" />
      </LocalizedNames>
      <Descriptions />
      <EMailAddress xsi:nil="true"></EMailAddress>
      <SupportingWebsiteUrl>https://www.akaes.com/</SupportingWebsiteUrl>
      <CustomizationPrefix>aka</CustomizationPrefix>
      <CustomizationOptionValuePrefix>96411</CustomizationOptionValuePrefix>
      <Addresses>
        <Address>
          <AddressNumber>1</AddressNumber>
          <AddressTypeCode>1</AddressTypeCode>
          <City>New York</City>
          <County xsi:nil="true"></County>
          <Country>US</Country>
          <Fax xsi:nil="true"></Fax>
          <FreightTermsCode xsi:nil="true"></FreightTermsCode>
          <ImportSequenceNumber xsi:nil="true"></ImportSequenceNumber>
          <Latitude xsi:nil="true"></Latitude>
          <Line1>350 5th Avenue, Suite 6902</Line1>
          <Line2>Empire State Building</Line2>
          <Line3 xsi:nil="true"></Line3>
          <Longitude xsi:nil="true"></Longitude>
          <Name xsi:nil="true"></Name>
          <PostalCode>10118</PostalCode>
          <PostOfficeBox xsi:nil="true"></PostOfficeBox>
          <PrimaryContactName xsi:nil="true"></PrimaryContactName>
          <ShippingMethodCode>1</ShippingMethodCode>
          <StateOrProvince>NY</StateOrProvince>
          <Telephone1>212.502.3900</Telephone1>
          <Telephone2 xsi:nil="true"></Telephone2>
          <Telephone3 xsi:nil="true"></Telephone3>
          <TimeZoneRuleVersionNumber xsi:nil="true"></TimeZoneRuleVersionNumber>
          <UPSZone xsi:nil="true"></UPSZone>
          <UTCOffset xsi:nil="true"></UTCOffset>
          <UTCConversionTimeZoneCode xsi:nil="true"></UTCConversionTimeZoneCode>
        </Address>
        <Address>
          <AddressNumber>2</AddressNumber>
          <AddressTypeCode>1</AddressTypeCode>
          <City xsi:nil="true"></City>
          <County xsi:nil="true"></County>
          <Country xsi:nil="true"></Country>
          <Fax xsi:nil="true"></Fax>
          <FreightTermsCode xsi:nil="true"></FreightTermsCode>
          <ImportSequenceNumber xsi:nil="true"></ImportSequenceNumber>
          <Latitude xsi:nil="true"></Latitude>
          <Line1 xsi:nil="true"></Line1>
          <Line2 xsi:nil="true"></Line2>
          <Line3 xsi:nil="true"></Line3>
          <Longitude xsi:nil="true"></Longitude>
          <Name xsi:nil="true"></Name>
          <PostalCode xsi:nil="true"></PostalCode>
          <PostOfficeBox xsi:nil="true"></PostOfficeBox>
          <PrimaryContactName xsi:nil="true"></PrimaryContactName>
          <ShippingMethodCode>1</ShippingMethodCode>
          <StateOrProvince xsi:nil="true"></StateOrProvince>
          <Telephone1 xsi:nil="true"></Telephone1>
          <Telephone2 xsi:nil="true"></Telephone2>
          <Telephone3 xsi:nil="true"></Telephone3>
          <TimeZoneRuleVersionNumber xsi:nil="true"></TimeZoneRuleVersionNumber>
          <UPSZone xsi:nil="true"></UPSZone>
          <UTCOffset xsi:nil="true"></UTCOffset>
          <UTCConversionTimeZoneCode xsi:nil="true"></UTCConversionTimeZoneCode>
        </Address>
      </Addresses>
    </Publisher>
    <RootComponents>
      <RootComponent type="1" schemaName="aka_generatereport" behavior="0" />
      <RootComponent type="1" schemaName="aka_healthquestionnaire" behavior="0" />
      <RootComponent type="1" schemaName="aka_illnessdetail" behavior="0" />
      <RootComponent type="1" schemaName="aka_location" behavior="0" />
      <RootComponent type="1" schemaName="aka_presence" behavior="0" />
      <RootComponent type="1" schemaName="aka_reportdetail" behavior="0" />
      <RootComponent type="1" schemaName="aka_tracercontact" behavior="0" />
      <RootComponent type="1" schemaName="aka_zone" behavior="0" />
      <RootComponent type="9" schemaName="aka_healthquestionresponse" behavior="0" />
      <RootComponent type="9" schemaName="aka_healthrisklevel" behavior="0" />
      <RootComponent type="9" schemaName="aka_tracerccontact" behavior="0" />
      <RootComponent type="20" id="{2fdb2e73-67a6-ea11-a812-000d3a5c2ece}" behavior="0" />
      <RootComponent type="20" id="{a2765718-67a6-ea11-a812-000d3a5c2ece}" behavior="0" />
      <RootComponent type="20" id="{b497bb54-68a6-ea11-a812-000d3a5c2ece}" behavior="0" />
      <RootComponent type="29" id="{14280a81-5bac-ea11-a812-000d3a5c2ece}" behavior="0" />
      <RootComponent type="29" id="{183a8006-42ab-ea11-a812-000d3a33a5cc}" behavior="0" />
      <RootComponent type="29" id="{2c5820ce-b4a9-ea11-a812-000d3a5c2ece}" behavior="0" />
      <RootComponent type="29" id="{4036ea26-c9a5-ea11-a812-000d3a5c2ece}" behavior="0" />
      <RootComponent type="29" id="{47af0aaa-4ab2-4871-990d-1d4ae081c366}" behavior="0" />
      <RootComponent type="29" id="{4f442052-cd85-488f-a303-c67e232c8cb7}" behavior="0" />
      <RootComponent type="29" id="{4fc4b7c5-72a8-ea11-a812-000d3a33a5cc}" behavior="0" />
      <RootComponent type="29" id="{808612e9-25a5-ea11-a812-000d3a33a5cc}" behavior="0" />
      <RootComponent type="29" id="{839f9074-6ef1-45f8-a781-e4938b24de29}" behavior="0" />
      <RootComponent type="29" id="{883b3422-f3ac-ea11-a812-000d3a33a5cc}" behavior="0" />
      <RootComponent type="29" id="{8c260b53-4bab-ea11-a812-000d3a33a5cc}" behavior="0" />
      <RootComponent type="29" id="{914ed8bf-902a-4fbc-ae64-b4d6aecdbe38}" behavior="0" />
      <RootComponent type="29" id="{a060533b-baa6-ea11-a812-000d3a5c2ece}" behavior="0" />
      <RootComponent type="29" id="{c72d6f87-78cd-4772-9ab1-c78eca7ae8b9}" behavior="0" />
      <RootComponent type="29" id="{f99eb573-0501-4645-b7e1-e3d6b59f602a}" behavior="0" />
      <RootComponent type="31" id="{5b7b3c84-06aa-ea11-a812-000d3a33a5cc}" behavior="0" />
      <RootComponent type="60" id="{2cfd77fd-f212-4b0c-a579-4679a429d112}" behavior="0" />
      <RootComponent type="60" id="{3325700e-548c-49c6-8ef2-355bcb5cfba7}" behavior="0" />
      <RootComponent type="60" id="{421cfb8e-a7aa-ea11-a812-000d3a33a5cc}" behavior="0" />
      <RootComponent type="60" id="{6287771e-ee16-4159-a99e-4f88faf9ad46}" behavior="0" />
      <RootComponent type="60" id="{68c8769f-d193-4773-97c0-41572fe6ff29}" behavior="0" />
      <RootComponent type="60" id="{6c3f0aae-b441-49a6-b654-f3bab99d7151}" behavior="0" />
      <RootComponent type="60" id="{7da4d966-4bc8-49f1-b3d9-2d7689dd2831}" behavior="0" />
      <RootComponent type="60" id="{a972988c-c622-4796-bbcd-e09fa78993eb}" behavior="0" />
      <RootComponent type="60" id="{b72ac9b2-3f62-4a0d-bf37-7e0f1a7da154}" behavior="0" />
      <RootComponent type="60" id="{ce11327c-0aaa-ea11-a812-000d3a33a5cc}" behavior="0" />
      <RootComponent type="60" id="{d0b0c59f-530d-48e4-82a3-5bbca0b59c88}" behavior="0" />
      <RootComponent type="60" id="{d3ede68d-fe61-43af-9c16-1b30554425c1}" behavior="0" />
      <RootComponent type="60" id="{da377c9c-29a9-ea11-a812-000d3a5c2ece}" behavior="0" />
      <RootComponent type="60" id="{dae66407-a9aa-ea11-a812-000d3a33a5cc}" behavior="0" />
      <RootComponent type="60" id="{e1652419-03ed-4ced-9703-6b173ed66335}" behavior="0" />
      <RootComponent type="60" id="{f39e785a-1c03-4baf-bf11-bd30e38a0be3}" behavior="0" />
      <RootComponent type="61" schemaName="aka_/forms/generateReport.js" behavior="0" />
      <RootComponent type="61" schemaName="aka_/forms/healthQuestionnaire.js" behavior="0" />
      <RootComponent type="61" schemaName="aka_/forms/illnessDetail.js" behavior="0" />
      <RootComponent type="61" schemaName="aka_/forms/presence.js" behavior="0" />
      <RootComponent type="61" schemaName="aka_/forms/tracerContact.js" behavior="0" />
      <RootComponent type="61" schemaName="aka_/html/reportViewer.html" behavior="0" />
      <RootComponent type="61" schemaName="aka_/imgs/contact.svg" behavior="0" />
      <RootComponent type="61" schemaName="aka_/imgs/Illness.svg" behavior="0" />
      <RootComponent type="61" schemaName="aka_/imgs/location.svg" behavior="0" />
      <RootComponent type="61" schemaName="aka_/imgs/presence.svg" behavior="0" />
      <RootComponent type="61" schemaName="aka_/imgs/questionnaires.svg" behavior="0" />
      <RootComponent type="61" schemaName="aka_/imgs/report.svg" behavior="0" />
      <RootComponent type="61" schemaName="aka_/imgs/zone.svg" behavior="0" />
      <RootComponent type="61" schemaName="aka_Protection_Mask_Icon" behavior="0" />
      <RootComponent type="62" schemaName="aka_SafeWorkplace" behavior="0" />
      <RootComponent type="80" schemaName="aka_SafeWorkplace" behavior="0" />
      <RootComponent type="91" id="{0e24a9f3-eb36-4412-a720-9effbd9fc2bb}" schemaName="AKATracer.CRM.Plugins, Version=1.0.0.0, Culture=neutral, PublicKeyToken=a537f272bf34cb3f" behavior="0" />
      <RootComponent type="92" id="{16e93aac-d7ac-ea11-a812-000d3a33a5cc}" behavior="0" />
      <RootComponent type="92" id="{4bde3262-9ea6-ea11-a812-000d3a33a5cc}" behavior="0" />
      <RootComponent type="92" id="{509776a3-b2a6-ea11-a812-000d3a33a5cc}" behavior="0" />
      <RootComponent type="92" id="{50c5f72f-aca6-ea11-a812-000d3a33a5cc}" behavior="0" />
      <RootComponent type="92" id="{615b187a-caaa-ea11-a812-000d3a33a5cc}" behavior="0" />
      <RootComponent type="92" id="{70977b17-aca6-ea11-a812-000d3a33a5cc}" behavior="0" />
      <RootComponent type="92" id="{772ee666-caaa-ea11-a812-000d3a33a5cc}" behavior="0" />
      <RootComponent type="92" id="{83700bf8-49ab-ea11-a812-000d3a5c2ece}" behavior="0" />
      <RootComponent type="92" id="{9d42923c-a4a3-ea11-a812-000d3a33a5cc}" behavior="0" />
      <RootComponent type="92" id="{cfbabebe-b2a6-ea11-a812-000d3a33a5cc}" behavior="0" />
      <RootComponent type="92" id="{e3239176-9ea6-ea11-a812-000d3a33a5cc}" behavior="0" />
      <RootComponent type="92" id="{fb8c0fe6-49ab-ea11-a812-000d3a5c2ece}" behavior="0" />
    </RootComponents>
    <MissingDependencies />
  </SolutionManifest>
</ImportExportXml>