{"name":"618a232c-be92-4ff8-be68-43c996186664","id":"/providers/Microsoft.Flow/flows/618a232c-be92-4ff8-be68-43c996186664","type":"Microsoft.Flow/flows","properties":{"apiId":"/providers/Microsoft.PowerApps/apis/shared_logicflows","displayName":"PowerApps: Create Presence - CheckIn","definition":{"metadata":{"workflowEntityId":"c1c9e6d9-2fab-ea11-a812-000d3a33a5cc","creator":{"id":"80360b96-6106-4600-bdf9-11e3709a0134","type":"User","tenantId":"3bd27ef8-8d38-4656-86d2-5f0d90a73981"},"provisioningMethod":"FromDefinition","failureAlertSubscription":true,"clientLastModifiedTime":"2020-06-10T19:25:25.5427354Z"},"$schema":"https://schema.management.azure.com/providers/Microsoft.Logic/schemas/2016-06-01/workflowdefinition.json#","contentVersion":"1.0.0.0","parameters":{"$connections":{"defaultValue":{},"type":"Object"},"$authentication":{"defaultValue":{},"type":"SecureObject"}},"triggers":{"manual":{"type":"Request","kind":"PowerApp","inputs":{"schema":{"type":"object","properties":{"Presence_EntryDate":{"type":"string"},"Presence_Name":{"type":"string"},"Presence_TracerContact(TracerContacts)":{"type":"string"},"Presence_Zone(Zones)":{"type":"string"}},"required":["Presence_EntryDate","Presence_Name","Presence_TracerContact(TracerContacts)","Presence_Zone(Zones)"]}}}},"actions":{"Respond_to_a_PowerApp_or_flow":{"runAfter":{"Create_A_New_Presence_Record":["Succeeded"]},"type":"Response","kind":"PowerApp","inputs":{"statusCode":200,"body":{"output":"success"},"schema":{"type":"object","properties":{"output":{"title":"output","x-ms-dynamically-added":true,"type":"string"}}}}},"Create_A_New_Presence_Record":{"runAfter":{},"type":"OpenApiConnection","inputs":{"host":{"apiId":"/providers/Microsoft.PowerApps/apis/shared_commondataservice","connectionName":"shared_commondataservice_1","operationId":"PostItem_V2"},"parameters":{"dataset":"default.cds","table":"aka_presences","item/aka_entrydate":"@triggerBody()['Presence_EntryDate']","item/_aka_tracercontact_value":"@triggerBody()['Presence_TracerContact(TracerContacts)']","item/_aka_zone_value":"@triggerBody()['Presence_Zone(Zones)']","item/aka_name":"@triggerBody()['Presence_Name']","item/_ownerid_type":""},"authentication":{"value":"@json(decodeBase64(triggerOutputs().headers['X-MS-APIM-Tokens']))['$ConnectionKey']","type":"Raw"}}}},"outputs":{}},"connectionReferences":{"shared_commondataservice_1":{"connectionName":"shared-commondataser-4fb015f8-9ec0-42e5-b5ec-d183ab36ed30","source":"Invoker","id":"/providers/Microsoft.PowerApps/apis/shared_commondataservice","tier":"NotSpecified"}},"flowFailureAlertSubscribed":false}}