{"name":"cbd9b6c6-f4d0-413f-88e5-2a8cf7fe649e","id":"/providers/Microsoft.Flow/flows/cbd9b6c6-f4d0-413f-88e5-2a8cf7fe649e","type":"Microsoft.Flow/flows","properties":{"apiId":"/providers/Microsoft.PowerApps/apis/shared_logicflows","displayName":"PowerApps: CreateNewTracerContactOnLogin","definition":{"metadata":{"workflowEntityId":"4fa1f008-4fa7-ea11-a812-000d3a5c2ece","creator":{"id":"80360b96-6106-4600-bdf9-11e3709a0134","type":"User","tenantId":"3bd27ef8-8d38-4656-86d2-5f0d90a73981"},"provisioningMethod":"FromDefinition","failureAlertSubscription":true,"clientLastModifiedTime":"2020-06-11T18:53:54.1280441Z"},"$schema":"https://schema.management.azure.com/providers/Microsoft.Logic/schemas/2016-06-01/workflowdefinition.json#","contentVersion":"1.0.0.0","parameters":{"$connections":{"defaultValue":{},"type":"Object"},"$authentication":{"defaultValue":{},"type":"SecureObject"}},"triggers":{"manual":{"type":"Request","kind":"PowerApp","inputs":{"schema":{"type":"object","properties":{"PowerAppsUserName_Itemidentifier":{"type":"string"}},"required":["PowerAppsUserName_Itemidentifier"]}}}},"actions":{"Get_User_Record_From_PowerApp":{"runAfter":{},"type":"OpenApiConnection","inputs":{"host":{"apiId":"/providers/Microsoft.PowerApps/apis/shared_commondataservice","connectionName":"shared_commondataservice","operationId":"GetItem_V2"},"parameters":{"dataset":"default.cds","table":"systemusers","id":"@triggerBody()['PowerAppsUserName_Itemidentifier']"},"authentication":{"value":"@json(decodeBase64(triggerOutputs().headers['X-MS-APIM-Tokens']))['$ConnectionKey']","type":"Raw"}}},"Create_a_New_Tracer_Contact":{"runAfter":{"Get_User_Record_From_PowerApp":["Succeeded"]},"type":"OpenApiConnection","inputs":{"host":{"apiId":"/providers/Microsoft.PowerApps/apis/shared_commondataservice","connectionName":"shared_commondataservice","operationId":"PostItem_V2"},"parameters":{"dataset":"default.cds","table":"aka_tracercontacts","item/aka_contacttype":964110000,"item/aka_email":"@outputs('Get_User_Record_From_PowerApp')?['body/domainname']","item/aka_firstname":"@outputs('Get_User_Record_From_PowerApp')?['body/firstname']","item/aka_lastname":"@outputs('Get_User_Record_From_PowerApp')?['body/lastname']","item/aka_name":"@outputs('Get_User_Record_From_PowerApp')?['body/fullname']","item/statuscode":1,"item/_aka_employee_value":"@triggerBody()['PowerAppsUserName_Itemidentifier']","item/_ownerid_type":""},"authentication":{"value":"@json(decodeBase64(triggerOutputs().headers['X-MS-APIM-Tokens']))['$ConnectionKey']","type":"Raw"}}}},"outputs":{}},"connectionReferences":{"shared_commondataservice":{"connectionName":"shared-commondataser-4fb015f8-9ec0-42e5-b5ec-d183ab36ed30","source":"Invoker","id":"/providers/Microsoft.PowerApps/apis/shared_commondataservice","tier":"NotSpecified"}},"flowFailureAlertSubscribed":false}}