{"name":"b7771cd4-a405-4a8b-a2e1-389a59be556c","id":"/providers/Microsoft.Flow/flows/b7771cd4-a405-4a8b-a2e1-389a59be556c","type":"Microsoft.Flow/flows","properties":{"apiId":"/providers/Microsoft.PowerApps/apis/shared_logicflows","displayName":"PowerApps: Create New Health Detail","definition":{"metadata":{"workflowEntityId":"38ca65ef-9eaa-ea11-a812-000d3a5c2ece","creator":{"id":"80360b96-6106-4600-bdf9-11e3709a0134","type":"User","tenantId":"3bd27ef8-8d38-4656-86d2-5f0d90a73981"},"provisioningMethod":"FromDefinition","failureAlertSubscription":true,"clientLastModifiedTime":"2020-06-11T20:37:36.2464277Z"},"$schema":"https://schema.management.azure.com/providers/Microsoft.Logic/schemas/2016-06-01/workflowdefinition.json#","contentVersion":"1.0.0.0","parameters":{"$connections":{"defaultValue":{},"type":"Object"},"$authentication":{"defaultValue":{},"type":"SecureObject"}},"triggers":{"manual":{"type":"Request","kind":"PowerApp","inputs":{"schema":{"type":"object","properties":{"HealthDetail_TracerContact":{"type":"string"},"HealthDetail_FirstSymptomsDate":{"type":"string"},"HealthDetail_TestStatusValue":{"type":"integer"},"HealthDetail_TestDate":{"type":"string"}},"required":["HealthDetail_TracerContact","HealthDetail_FirstSymptomsDate","HealthDetail_TestStatusValue","HealthDetail_TestDate"]}}}},"actions":{"Respond_success_output_to_PowerApp":{"runAfter":{"Condition":["Succeeded"]},"type":"Response","kind":"PowerApp","inputs":{"statusCode":200,"body":{"output":"success"},"schema":{"type":"object","properties":{"output":{"title":"output","x-ms-dynamically-added":true,"type":"string"}}}}},"Condition":{"actions":{"Create_New_Health_Detail_Record_(null_FSD)":{"runAfter":{},"type":"OpenApiConnection","inputs":{"host":{"apiId":"/providers/Microsoft.PowerApps/apis/shared_commondataservice","connectionName":"shared_commondataservice","operationId":"PostItem_V2"},"parameters":{"dataset":"default.cds","table":"aka_illnessdetails","item/_aka_tracercontact_value":"@triggerBody()['HealthDetail_TracerContact']","item/aka_testdate":"@triggerBody()['HealthDetail_TestDate']","item/aka_teststatus":"@triggerBody()['HealthDetail_TestStatusValue']","item/_ownerid_type":""},"authentication":{"value":"@json(decodeBase64(triggerOutputs().headers['X-MS-APIM-Tokens']))['$ConnectionKey']","type":"Raw"}}}},"runAfter":{},"else":{"actions":{"Create_New_Health_Detail_Record_with_FSD":{"runAfter":{},"type":"OpenApiConnection","inputs":{"host":{"apiId":"/providers/Microsoft.PowerApps/apis/shared_commondataservice","connectionName":"shared_commondataservice","operationId":"PostItem_V2"},"parameters":{"dataset":"default.cds","table":"aka_illnessdetails","item/_aka_tracercontact_value":"@triggerBody()['HealthDetail_TracerContact']","item/aka_firstsymptomsdate":"@triggerBody()['HealthDetail_FirstSymptomsDate']","item/aka_testdate":"@triggerBody()['HealthDetail_TestDate']","item/aka_teststatus":"@triggerBody()['HealthDetail_TestStatusValue']","item/_ownerid_type":""},"authentication":{"value":"@json(decodeBase64(triggerOutputs().headers['X-MS-APIM-Tokens']))['$ConnectionKey']","type":"Raw"}}}}},"expression":{"equals":["@triggerBody()['HealthDetail_FirstSymptomsDate']","NA"]},"type":"If"}},"outputs":{}},"connectionReferences":{"shared_commondataservice":{"connectionName":"shared-commondataser-4fb015f8-9ec0-42e5-b5ec-d183ab36ed30","source":"Invoker","id":"/providers/Microsoft.PowerApps/apis/shared_commondataservice","tier":"NotSpecified"}},"flowFailureAlertSubscribed":false}}