{"name":"a0e892f6-a388-4b48-a1a6-fde68b502be7","id":"/providers/Microsoft.Flow/flows/a0e892f6-a388-4b48-a1a6-fde68b502be7","type":"Microsoft.Flow/flows","properties":{"apiId":"/providers/Microsoft.PowerApps/apis/shared_logicflows","displayName":"PowerApps: Create New Health Questionnaire","definition":{"metadata":{"workflowEntityId":"743fe17f-bfaa-ea11-a812-000d3a5c2ece","creator":{"id":"80360b96-6106-4600-bdf9-11e3709a0134","type":"User","tenantId":"3bd27ef8-8d38-4656-86d2-5f0d90a73981"},"provisioningMethod":"FromDefinition","failureAlertSubscription":true,"clientLastModifiedTime":"2020-06-10T02:50:34.1443825Z"},"$schema":"https://schema.management.azure.com/providers/Microsoft.Logic/schemas/2016-06-01/workflowdefinition.json#","contentVersion":"1.0.0.0","parameters":{"$connections":{"defaultValue":{},"type":"Object"},"$authentication":{"defaultValue":{},"type":"SecureObject"}},"triggers":{"manual":{"type":"Request","kind":"PowerApp","inputs":{"schema":{"type":"object","properties":{"HealthQuestionaire_HaveyoutraveledinternationallyValue":{"type":"integer"},"HealthQuestionaire_HaveyouexperiencedanyconcerningValue":{"type":"integer"},"HealthQuestionaire_HaveyoubeenexposedValue":{"type":"integer"},"HealthQuestionaire_RiskLevelValue":{"type":"integer"},"HealthQuestionaire_Whatwasyourlasttemperatureread?":{"type":"number"},"HealthQuestionaire_Whenwasthelasttimeyourtemperaturewastaken?":{"type":"string"},"CreateANewHealthQuestionnaireRecord_TracerContact":{"type":"string","format":"uuid","description":"","x-ms-powerflows-param-ispartial":false}},"required":["HealthQuestionaire_HaveyoutraveledinternationallyValue","HealthQuestionaire_HaveyouexperiencedanyconcerningValue","HealthQuestionaire_HaveyoubeenexposedValue","HealthQuestionaire_RiskLevelValue","HealthQuestionaire_Whatwasyourlasttemperatureread?","HealthQuestionaire_Whenwasthelasttimeyourtemperaturewastaken?","CreateANewHealthQuestionnaireRecord_TracerContact"]}}}},"actions":{"Create_A_New_Health_Questionnaire_Record":{"runAfter":{},"type":"OpenApiConnection","inputs":{"host":{"apiId":"/providers/Microsoft.PowerApps/apis/shared_commondataservice","connectionName":"shared_commondataservice","operationId":"PostItem_V2"},"parameters":{"dataset":"default.cds","table":"aka_healthquestionnaires","item/aka_question3":"@triggerBody()['HealthQuestionaire_HaveyoubeenexposedValue']","item/aka_question2":"@triggerBody()['HealthQuestionaire_HaveyouexperiencedanyconcerningValue']","item/aka_question1":"@triggerBody()['HealthQuestionaire_HaveyoutraveledinternationallyValue']","item/aka_risklevel":"@triggerBody()['HealthQuestionaire_RiskLevelValue']","item/aka_lasttemperature":"@triggerBody()['HealthQuestionaire_Whatwasyourlasttemperatureread?']","item/aka_lasttemperaturedate":"@triggerBody()['HealthQuestionaire_Whenwasthelasttimeyourtemperaturewastaken?']","item/_ownerid_type":"","item/_aka_tracercontact_value":"@triggerBody()['CreateANewHealthQuestionnaireRecord_TracerContact']"},"authentication":{"value":"@json(decodeBase64(triggerOutputs().headers['X-MS-APIM-Tokens']))['$ConnectionKey']","type":"Raw"}}},"Respond_to_a_PowerApp_or_flow":{"runAfter":{"Create_A_New_Health_Questionnaire_Record":["Succeeded"]},"type":"Response","kind":"PowerApp","inputs":{"statusCode":200,"body":{"output":"success"},"schema":{"type":"object","properties":{"output":{"title":"output","x-ms-dynamically-added":true,"type":"string"}}}}}},"outputs":{}},"connectionReferences":{"shared_commondataservice":{"connectionName":"shared-commondataser-4fb015f8-9ec0-42e5-b5ec-d183ab36ed30","source":"Invoker","id":"/providers/Microsoft.PowerApps/apis/shared_commondataservice","tier":"NotSpecified"}},"flowFailureAlertSubscribed":false}}